2009,1,Pittsburgh Steelers,Tennessee Titans
2009,1,Minnesota Vikings,Cleveland Browns
2009,1,New York Giants,Washington Redskins
2009,1,San Francisco 49ers,Arizona Cardinals
2009,1,Seattle Seahawks,St. Louis Rams
2009,1,Philadelphia Eagles,Carolina Panthers
2009,1,New York Jets,Houston Texans
2009,1,Atlanta Falcons,Miami Dolphins
2009,1,Baltimore Ravens,Kansas City Chiefs
2009,1,Indianapolis Colts,Jacksonville Jaguars
2009,1,New Orleans Saints,Detroit Lions
2009,1,Denver Broncos,Cincinnati Bengals
2009,1,Green Bay Packers,Chicago Bears
2009,1,Dallas Cowboys,Tampa Bay Buccaneers
2009,1,New England Patriots,Buffalo Bills
2009,1,San Diego Chargers,Oakland Raiders
2009,2,New York Giants,Dallas Cowboys
2009,2,Chicago Bears,Pittsburgh Steelers
2009,2,Oakland Raiders,Kansas City Chiefs
2009,2,Washington Redskins,St. Louis Rams
2009,2,Baltimore Ravens,San Diego Chargers
2009,2,San Francisco 49ers,Seattle Seahawks
2009,2,Buffalo Bills,Tampa Bay Buccaneers
2009,2,New York Jets,New England Patriots
2009,2,New Orleans Saints,Philadelphia Eagles
2009,2,Atlanta Falcons,Carolina Panthers
2009,2,Cincinnati Bengals,Green Bay Packers
2009,2,Denver Broncos,Cleveland Browns
2009,2,Arizona Cardinals,Jacksonville Jaguars
2009,2,Houston Texans,Tennessee Titans
2009,2,Minnesota Vikings,Detroit Lions
2009,2,Indianapolis Colts,Miami Dolphins
2009,3,San Diego Chargers,Miami Dolphins
2009,3,New Orleans Saints,Buffalo Bills
2009,3,New York Giants,Tampa Bay Buccaneers
2009,3,New York Jets,Tennessee Titans
2009,3,Cincinnati Bengals,Pittsburgh Steelers
2009,3,Minnesota Vikings,San Francisco 49ers
2009,3,Detroit Lions,Washington Redskins
2009,3,Philadelphia Eagles,Kansas City Chiefs
2009,3,Jacksonville Jaguars,Houston Texans
2009,3,New England Patriots,Atlanta Falcons
2009,3,Chicago Bears,Seattle Seahawks
2009,3,Baltimore Ravens,Cleveland Browns
2009,3,Indianapolis Colts,Arizona Cardinals
2009,3,Denver Broncos,Oakland Raiders
2009,3,Green Bay Packers,St. Louis Rams
2009,3,Dallas Cowboys,Carolina Panthers
2009,4,Houston Texans,Oakland Raiders
2009,4,San Francisco 49ers,St. Louis Rams
2009,4,New England Patriots,Baltimore Ravens
2009,4,Pittsburgh Steelers,San Diego Chargers
2009,4,Washington Redskins,Tampa Bay Buccaneers
2009,4,Jacksonville Jaguars,Tennessee Titans
2009,4,New Orleans Saints,New York Jets
2009,4,New York Giants,Kansas City Chiefs
2009,4,Indianapolis Colts,Seattle Seahawks
2009,4,Chicago Bears,Detroit Lions
2009,4,Denver Broncos,Dallas Cowboys
2009,4,Cincinnati Bengals,Cleveland Browns
2009,4,Miami Dolphins,Buffalo Bills
2009,4,Minnesota Vikings,Green Bay Packers
2009,5,Arizona Cardinals,Houston Texans
2009,5,Philadelphia Eagles,Tampa Bay Buccaneers
2009,5,Carolina Panthers,Washington Redskins
2009,5,Atlanta Falcons,San Francisco 49ers
2009,5,New York Giants,Oakland Raiders
2009,5,Pittsburgh Steelers,Detroit Lions
2009,5,Denver Broncos,New England Patriots
2009,5,Minnesota Vikings,St. Louis Rams
2009,5,Seattle Seahawks,Jacksonville Jaguars
2009,5,Dallas Cowboys,Kansas City Chiefs
2009,5,Indianapolis Colts,Tennessee Titans
2009,5,Cleveland Browns,Buffalo Bills
2009,5,Cincinnati Bengals,Baltimore Ravens
2009,5,Miami Dolphins,New York Jets
2009,6,Oakland Raiders,Philadelphia Eagles
2009,6,Arizona Cardinals,Seattle Seahawks
2009,6,Atlanta Falcons,Chicago Bears
2009,6,Carolina Panthers,Tampa Bay Buccaneers
2009,6,New Orleans Saints,New York Giants
2009,6,Jacksonville Jaguars,St. Louis Rams
2009,6,Minnesota Vikings,Baltimore Ravens
2009,6,New England Patriots,Tennessee Titans
2009,6,Kansas City Chiefs,Washington Redskins
2009,6,Houston Texans,Cincinnati Bengals
2009,6,Green Bay Packers,Detroit Lions
2009,6,Pittsburgh Steelers,Cleveland Browns
2009,6,Buffalo Bills,New York Jets
2009,6,Denver Broncos,San Diego Chargers
2009,7,Arizona Cardinals,New York Giants
2009,7,Indianapolis Colts,St. Louis Rams
2009,7,Cincinnati Bengals,Chicago Bears
2009,7,New Orleans Saints,Miami Dolphins
2009,7,Dallas Cowboys,Atlanta Falcons
2009,7,San Diego Chargers,Kansas City Chiefs
2009,7,New York Jets,Oakland Raiders
2009,7,Houston Texans,San Francisco 49ers
2009,7,New England Patriots,Tampa Bay Buccaneers
2009,7,Pittsburgh Steelers,Minnesota Vikings
2009,7,Green Bay Packers,Cleveland Browns
2009,7,Buffalo Bills,Carolina Panthers
2009,7,Philadelphia Eagles,Washington Redskins
2009,8,Minnesota Vikings,Green Bay Packers
2009,8,Miami Dolphins,New York Jets
2009,8,Tennessee Titans,Jacksonville Jaguars
2009,8,Dallas Cowboys,Seattle Seahawks
2009,8,Baltimore Ravens,Denver Broncos
2009,8,Chicago Bears,Cleveland Browns
2009,8,Carolina Panthers,Arizona Cardinals
2009,8,Indianapolis Colts,San Francisco 49ers
2009,8,St. Louis Rams,Detroit Lions
2009,8,San Diego Chargers,Oakland Raiders
2009,8,Houston Texans,Buffalo Bills
2009,8,Philadelphia Eagles,New York Giants
2009,8,New Orleans Saints,Atlanta Falcons
2009,9,Atlanta Falcons,Washington Redskins
2009,9,Cincinnati Bengals,Baltimore Ravens
2009,9,Tennessee Titans,San Francisco 49ers
2009,9,New England Patriots,Miami Dolphins
2009,9,Jacksonville Jaguars,Kansas City Chiefs
2009,9,Indianapolis Colts,Houston Texans
2009,9,Tampa Bay Buccaneers,Green Bay Packers
2009,9,Seattle Seahawks,Detroit Lions
2009,9,Dallas Cowboys,Philadelphia Eagles
2009,9,New Orleans Saints,Carolina Panthers
2009,9,Arizona Cardinals,Chicago Bears
2009,9,San Diego Chargers,New York Giants
2009,9,Pittsburgh Steelers,Denver Broncos
2009,10,San Francisco 49ers,Chicago Bears
2009,10,New Orleans Saints,St. Louis Rams
2009,10,Indianapolis Colts,New England Patriots
2009,10,San Diego Chargers,Philadelphia Eagles
2009,10,Arizona Cardinals,Seattle Seahawks
2009,10,Miami Dolphins,Tampa Bay Buccaneers
2009,10,Kansas City Chiefs,Oakland Raiders
2009,10,Jacksonville Jaguars,New York Jets
2009,10,Minnesota Vikings,Detroit Lions
2009,10,Carolina Panthers,Atlanta Falcons
2009,10,Tennessee Titans,Buffalo Bills
2009,10,Cincinnati Bengals,Pittsburgh Steelers
2009,10,Green Bay Packers,Dallas Cowboys
2009,10,Washington Redskins,Denver Broncos
2009,10,Baltimore Ravens,Cleveland Browns
2009,11,Miami Dolphins,Carolina Panthers
2009,11,Philadelphia Eagles,Chicago Bears
2009,11,Kansas City Chiefs,Pittsburgh Steelers
2009,11,San Diego Chargers,Denver Broncos
2009,11,Minnesota Vikings,Seattle Seahawks
2009,11,Green Bay Packers,San Francisco 49ers
2009,11,Dallas Cowboys,Washington Redskins
2009,11,New England Patriots,New York Jets
2009,11,New Orleans Saints,Tampa Bay Buccaneers
2009,11,New York Giants,Atlanta Falcons
2009,11,Jacksonville Jaguars,Buffalo Bills
2009,11,Oakland Raiders,Cincinnati Bengals
2009,11,Detroit Lions,Cleveland Browns
2009,11,Indianapolis Colts,Baltimore Ravens
2009,11,Arizona Cardinals,St. Louis Rams
2009,11,Tennessee Titans,Houston Texans
2009,12,Denver Broncos,New York Giants
2009,12,Green Bay Packers,Detroit Lions
2009,12,Dallas Cowboys,Oakland Raiders
2009,12,Baltimore Ravens,Pittsburgh Steelers
2009,12,Seattle Seahawks,St. Louis Rams
2009,12,Atlanta Falcons,Tampa Bay Buccaneers
2009,12,Philadelphia Eagles,Washington Redskins
2009,12,Buffalo Bills,Miami Dolphins
2009,12,San Diego Chargers,Kansas City Chiefs
2009,12,San Francisco 49ers,Jacksonville Jaguars
2009,12,Tennessee Titans,Arizona Cardinals
2009,12,Indianapolis Colts,Houston Texans
2009,12,Cincinnati Bengals,Cleveland Browns
2009,12,Minnesota Vikings,Chicago Bears
2009,12,New York Jets,Carolina Panthers
2009,12,New Orleans Saints,New England Patriots
2009,13,New York Jets,Buffalo Bills
2009,13,Seattle Seahawks,San Francisco 49ers
2009,13,San Diego Chargers,Cleveland Browns
2009,13,Chicago Bears,St. Louis Rams
2009,13,Oakland Raiders,Pittsburgh Steelers
2009,13,Philadelphia Eagles,Atlanta Falcons
2009,13,Indianapolis Colts,Tennessee Titans
2009,13,Carolina Panthers,Tampa Bay Buccaneers
2009,13,Miami Dolphins,New England Patriots
2009,13,New York Giants,Dallas Cowboys
2009,13,Denver Broncos,Kansas City Chiefs
2009,13,Cincinnati Bengals,Detroit Lions
2009,13,Jacksonville Jaguars,Houston Texans
2009,13,Arizona Cardinals,Minnesota Vikings
2009,13,New Orleans Saints,Washington Redskins
2009,13,Green Bay Packers,Baltimore Ravens
2009,14,Cleveland Browns,Pittsburgh Steelers
2009,14,New York Jets,Tampa Bay Buccaneers
2009,14,Philadelphia Eagles,New York Giants
2009,14,Tennessee Titans,St. Louis Rams
2009,14,San Diego Chargers,Dallas Cowboys
2009,14,Houston Texans,Seattle Seahawks
2009,14,Washington Redskins,Oakland Raiders
2009,14,New Orleans Saints,Atlanta Falcons
2009,14,Miami Dolphins,Jacksonville Jaguars
2009,14,Buffalo Bills,Kansas City Chiefs
2009,14,New England Patriots,Carolina Panthers
2009,14,Minnesota Vikings,Cincinnati Bengals
2009,14,Indianapolis Colts,Denver Broncos
2009,14,Baltimore Ravens,Detroit Lions
2009,14,Green Bay Packers,Chicago Bears
2009,14,San Francisco 49ers,Arizona Cardinals
2009,15,Indianapolis Colts,Jacksonville Jaguars
2009,15,Dallas Cowboys,New Orleans Saints
2009,15,Carolina Panthers,Minnesota Vikings
2009,15,New England Patriots,Buffalo Bills
2009,15,Oakland Raiders,Denver Broncos
2009,15,Philadelphia Eagles,San Francisco 49ers
2009,15,Tampa Bay Buccaneers,Seattle Seahawks
2009,15,Tennessee Titans,Miami Dolphins
2009,15,Houston Texans,St. Louis Rams
2009,15,Pittsburgh Steelers,Green Bay Packers
2009,15,Atlanta Falcons,New York Jets
2009,15,Baltimore Ravens,Chicago Bears
2009,15,San Diego Chargers,Cincinnati Bengals
2009,15,Cleveland Browns,Kansas City Chiefs
2009,15,Arizona Cardinals,Detroit Lions
2009,15,New York Giants,Washington Redskins
2009,16,San Diego Chargers,Tennessee Titans
2009,16,Cleveland Browns,Oakland Raiders
2009,16,Arizona Cardinals,St. Louis Rams
2009,16,Pittsburgh Steelers,Baltimore Ravens
2009,16,Green Bay Packers,Seattle Seahawks
2009,16,Tampa Bay Buccaneers,New Orleans Saints
2009,16,New York Jets,Indianapolis Colts
2009,16,Cincinnati Bengals,Kansas City Chiefs
2009,16,Dallas Cowboys,Washington Redskins
2009,16,New England Patriots,Jacksonville Jaguars
2009,16,Houston Texans,Miami Dolphins
2009,16,San Francisco 49ers,Detroit Lions
2009,16,Philadelphia Eagles,Denver Broncos
2009,16,Atlanta Falcons,Buffalo Bills
2009,16,Carolina Panthers,New York Giants
2009,16,Chicago Bears,Minnesota Vikings
2009,17,Minnesota Vikings,New York Giants
2009,17,Tennessee Titans,Seattle Seahawks
2009,17,Dallas Cowboys,Philadelphia Eagles
2009,17,Pittsburgh Steelers,Miami Dolphins
2009,17,Baltimore Ravens,Oakland Raiders
2009,17,San Francisco 49ers,St. Louis Rams
2009,17,San Diego Chargers,Washington Redskins
2009,17,Houston Texans,New England Patriots
2009,17,Carolina Panthers,New Orleans Saints
2009,17,Kansas City Chiefs,Denver Broncos
2009,17,Cleveland Browns,Jacksonville Jaguars
2009,17,Green Bay Packers,Arizona Cardinals
2009,17,Buffalo Bills,Indianapolis Colts
2009,17,New York Jets,Cincinnati Bengals
2009,17,Chicago Bears,Detroit Lions
2009,17,Atlanta Falcons,Tampa Bay Buccaneers
2010,1,New Orleans Saints,Minnesota Vikings
2010,1,Houston Texans,Indianapolis Colts
2010,1,Seattle Seahawks,San Francisco 49ers
2010,1,Jacksonville Jaguars,Denver Broncos
2010,1,Miami Dolphins,Buffalo Bills
2010,1,Arizona Cardinals,St. Louis Rams
2010,1,Green Bay Packers,Philadelphia Eagles
2010,1,Chicago Bears,Detroit Lions
2010,1,New York Giants,Carolina Panthers
2010,1,Tennessee Titans,Oakland Raiders
2010,1,Pittsburgh Steelers,Atlanta Falcons
2010,1,New England Patriots,Cincinnati Bengals
2010,1,Washington Redskins,Dallas Cowboys
2010,1,Tampa Bay Buccaneers,Cleveland Browns
2010,1,Baltimore Ravens,New York Jets
2010,1,Kansas City Chiefs,San Diego Chargers
2010,2,Indianapolis Colts,New York Giants
2010,2,Denver Broncos,Seattle Seahawks
2010,2,Atlanta Falcons,Arizona Cardinals
2010,2,Philadelphia Eagles,Detroit Lions
2010,2,San Diego Chargers,Jacksonville Jaguars
2010,2,Houston Texans,Washington Redskins
2010,2,Miami Dolphins,Minnesota Vikings
2010,2,Chicago Bears,Dallas Cowboys
2010,2,New York Jets,New England Patriots
2010,2,Cincinnati Bengals,Baltimore Ravens
2010,2,Pittsburgh Steelers,Tennessee Titans
2010,2,Tampa Bay Buccaneers,Carolina Panthers
2010,2,Green Bay Packers,Buffalo Bills
2010,2,Kansas City Chiefs,Cleveland Browns
2010,2,Oakland Raiders,St. Louis Rams
2010,2,New Orleans Saints,San Francisco 49ers
2010,3,St. Louis Rams,Washington Redskins
2010,3,Arizona Cardinals,Oakland Raiders
2010,3,Baltimore Ravens,Cleveland Browns
2010,3,Indianapolis Colts,Denver Broncos
2010,3,Pittsburgh Steelers,Tampa Bay Buccaneers
2010,3,Dallas Cowboys,Houston Texans
2010,3,New York Jets,Miami Dolphins
2010,3,Minnesota Vikings,Detroit Lions
2010,3,New England Patriots,Buffalo Bills
2010,3,Atlanta Falcons,New Orleans Saints
2010,3,Philadelphia Eagles,Jacksonville Jaguars
2010,3,Cincinnati Bengals,Carolina Panthers
2010,3,Seattle Seahawks,San Diego Chargers
2010,3,Tennessee Titans,New York Giants
2010,3,Kansas City Chiefs,San Francisco 49ers
2010,3,Chicago Bears,Green Bay Packers
2010,4,Green Bay Packers,Detroit Lions
2010,4,Washington Redskins,Philadelphia Eagles
2010,4,Houston Texans,Oakland Raiders
2010,4,New Orleans Saints,Carolina Panthers
2010,4,St. Louis Rams,Seattle Seahawks
2010,4,Jacksonville Jaguars,Indianapolis Colts
2010,4,Cleveland Browns,Cincinnati Bengals
2010,4,San Diego Chargers,Arizona Cardinals
2010,4,Atlanta Falcons,San Francisco 49ers
2010,4,Baltimore Ravens,Pittsburgh Steelers
2010,4,New York Giants,Chicago Bears
2010,4,Denver Broncos,Tennessee Titans
2010,4,New York Jets,Buffalo Bills
2010,4,New England Patriots,Miami Dolphins
2010,5,Tennessee Titans,Dallas Cowboys
2010,5,Philadelphia Eagles,San Francisco 49ers
2010,5,New York Giants,Houston Texans
2010,5,Indianapolis Colts,Kansas City Chiefs
2010,5,Baltimore Ravens,Denver Broncos
2010,5,Washington Redskins,Green Bay Packers
2010,5,Arizona Cardinals,New Orleans Saints
2010,5,Detroit Lions,St. Louis Rams
2010,5,Oakland Raiders,San Diego Chargers
2010,5,Tampa Bay Buccaneers,Cincinnati Bengals
2010,5,Jacksonville Jaguars,Buffalo Bills
2010,5,Chicago Bears,Carolina Panthers
2010,5,Atlanta Falcons,Cleveland Browns
2010,5,New York Jets,Minnesota Vikings
2010,6,Minnesota Vikings,Dallas Cowboys
2010,6,New England Patriots,Baltimore Ravens
2010,6,Miami Dolphins,Green Bay Packers
2010,6,San Francisco 49ers,Oakland Raiders
2010,6,New York Jets,Denver Broncos
2010,6,St. Louis Rams,San Diego Chargers
2010,6,New Orleans Saints,Tampa Bay Buccaneers
2010,6,Houston Texans,Kansas City Chiefs
2010,6,Seattle Seahawks,Chicago Bears
2010,6,Pittsburgh Steelers,Cleveland Browns
2010,6,New York Giants,Detroit Lions
2010,6,Philadelphia Eagles,Atlanta Falcons
2010,6,Indianapolis Colts,Washington Redskins
2010,6,Tennessee Titans,Jacksonville Jaguars
2010,7,Carolina Panthers,San Francisco 49ers
2010,7,New England Patriots,San Diego Chargers
2010,7,Seattle Seahawks,Arizona Cardinals
2010,7,Pittsburgh Steelers,Miami Dolphins
2010,7,Baltimore Ravens,Buffalo Bills
2010,7,Cleveland Browns,New Orleans Saints
2010,7,Tennessee Titans,Philadelphia Eagles
2010,7,Kansas City Chiefs,Jacksonville Jaguars
2010,7,Green Bay Packers,Minnesota Vikings
2010,7,Tampa Bay Buccaneers,St. Louis Rams
2010,7,Atlanta Falcons,Cincinnati Bengals
2010,7,Washington Redskins,Chicago Bears
2010,7,Oakland Raiders,Denver Broncos
2010,7,New York Giants,Dallas Cowboys
2010,8,New England Patriots,Minnesot
2010,8,New England Patriots,Minnesota Vikings
2010,8,St. Louis Rams,Carolina Panthers
2010,8,Kansas City Chiefs,Buffalo Bills
2010,8,Detroit Lions,Washington Redskins
2010,8,Tampa Bay Buccaneers,Arizona Cardinals
2010,8,Jacksonville Jaguars,Dallas Cowboys
2010,8,Miami Dolphins,Cincinnati Bengals
2010,8,Green Bay Packers,New York Jets
2010,8,San Francisco 49ers,Denver Broncos
2010,8,San Diego Chargers,Tennessee Titans
2010,8,Oakland Raiders,Seattle Seahawks
2010,8,New Orleans Saints,Pittsburgh Steelers
2010,8,Indianapolis Colts,Houston Texans
2010,9,Philadelphia Eagles,Indianapolis Colts
2010,9,Cleveland Browns,New England Patriots
2010,9,Atlanta Falcons,Tampa Bay Buccaneers
2010,9,New York Giants,Seattle Seahawks
2010,9,New York Jets,Detroit Lions
2010,9,Green Bay Packers,Dallas Cowboys
2010,9,Chicago Bears,Buffalo Bills
2010,9,Minnesota Vikings,Arizona Cardinals
2010,9,Oakland Raiders,Kansas City Chiefs
2010,9,San Diego Chargers,Houston Texans
2010,9,Baltimore Ravens,Miami Dolphins
2010,9,New Orleans Saints,Carolina Panthers
2010,9,Pittsburgh Steelers,Cincinnati Bengals
2010,10,Atlanta Falcons,Baltimore Ravens
2010,10,Chicago Bears,Minnesota Vikings
2010,10,Buffalo Bills,Detroit Lions
2010,10,Dallas Cowboys,New York Giants
2010,10,Seattle Seahawks,Arizona Cardinals
2010,10,Indianapolis Colts,Cincinnati Bengals
2010,10,New England Patriots,Pittsburgh Steelers
2010,10,Tampa Bay Buccaneers,Carolina Panthers
2010,10,Denver Broncos,Kansas City Chiefs
2010,10,Jacksonville Jaguars,Houston Texans
2010,10,New York Jets,Cleveland Browns
2010,10,San Francisco 49ers,St. Louis Rams
2010,10,Miami Dolphins,Tennessee Titans
2010,10,Philadelphia Eagles,Washington Redskins
2010,11,Chicago Bears,Miami Dolphins
2010,11,New Orleans Saints,Seattle Seahawks
2010,11,Green Bay Packers,Minnesota Vikings
2010,11,Tampa Bay Buccaneers,San Francisco 49ers
2010,11,Jacksonville Jaguars,Cleveland Browns
2010,11,Washington Redskins,Tennessee Titans
2010,11,New York Jets,Houston Texans
2010,11,Kansas City Chiefs,Arizona Cardinals
2010,11,Baltimore Ravens,Carolina Panthers
2010,11,Dallas Cowboys,Detroit Lions
2010,11,Philadelphia Eagles,New York Giants
2010,11,New England Patriots,Indianapolis Colts
2010,11,Buffalo Bills,Cincinnati Bengals
2010,11,Pittsburgh Steelers,Oakland Raiders
2010,11,Atlanta Falcons,St. Louis Rams
2010,11,San Diego Chargers,Denver Broncos
2010,12,New England Patriots,Detroit Lions
2010,12,New York Jets,Cincinnati Bengals
2010,12,New Orleans Saints,Dallas Cowboys
2010,12,Miami Dolphins,Oakland Raiders
2010,12,Minnesota Vikings,Washington Redskins
2010,12,New York Giants,Jacksonville Jaguars
2010,12,Kansas City Chiefs,Seattle Seahawks
2010,12,Atlanta Falcons,Green Bay Packers
2010,12,Houston Texans,Tennessee Titans
2010,12,St. Louis Rams,Denver Broncos
2010,12,San Diego Chargers,Indianapolis Colts
2010,12,Baltimore Ravens,Tampa Bay Buccaneers
2010,12,Pittsburgh Steelers,Buffalo Bills
2010,12,Chicago Bears,Philadelphia Eagles
2010,12,Cleveland Browns,Carolina Panthers
2010,12,San Francisco 49ers,Arizona Cardinals
2010,13,Philadelphia Eagles,Houston Texans
2010,13,New York Giants,Washington Redskins
2010,13,Seattle Seahawks,Carolina Panthers
2010,13,Dallas Cowboys,Indianapolis Colts
2010,13,St. Louis Rams,Arizona Cardinals
2010,13,New Orleans Saints,Cincinnati Bengals
2010,13,Jacksonville Jaguars,Tennessee Titans
2010,13,Oakland Raiders,San Diego Chargers
2010,13,Kansas City Chiefs,Denver Broncos
2010,13,Green Bay Packers,San Francisco 49ers
2010,13,Cleveland Browns,Miami Dolphins
2010,13,Chicago Bears,Detroit Lions
2010,13,Atlanta Falcons,Tampa Bay Buccaneers
2010,13,Pittsburgh Steelers,Baltimore Ravens
2010,13,Minnesota Vikings,Buffalo Bills
2010,13,New England Patriots,New York Jets
2010,14,Indianapolis Colts,Tennessee Titans
2010,14,Miami Dolphins,New York Jets
2010,14,San Francisco 49ers,Seattle Seahawks
2010,14,New Orleans Saints,St. Louis Rams
2010,14,Jacksonville Jaguars,Oakland Raiders
2010,14,Buffalo Bills,Cleveland Browns
2010,14,Tampa Bay Buccaneers,Washington Redskins
2010,14,Philadelphia Eagles,Dallas Cowboys
2010,14,Detroit Lions,Green Bay Packers
2010,14,Pittsburgh Steelers,Cincinnati Bengals
2010,14,Arizona Cardinals,Denver Broncos
2010,14,New England Patriots,Chicago Bears
2010,14,San Diego Chargers,Kansas City Chiefs
2010,14,Atlanta Falcons,Carolina Panthers
2010,14,Baltimore Ravens,Houston Texans
2010,14,New York Giants,Minnesota Vikings
2010,15,San Diego Chargers,San Francisco 49ers
2010,15,Dallas Cowboys,Washington Redskins
2010,15,Oakland Raiders,Denver Broncos
2010,15,Cincinnati Bengals,Cleveland Browns
2010,15,Buffalo Bills,Miami Dolphins
2010,15,Indianapolis Colts,Jacksonville Jaguars
2010,15,Philadelphia Eagles,New York Giants
2010,15,Carolina Panthers,Arizona Cardinals
2010,15,New York Jets,Pittsburgh Steelers
2010,15,Tennessee Titans,Houston Texans
2010,15,Kansas City Chiefs,St. Louis Rams
2010,15,Baltimore Ravens,New Orleans Saints
2010,15,Detroit Lions,Tampa Bay Buccaneers
2010,15,New England Patriots,Green Bay Packers
2010,15,Atlanta Falcons,Seattle Seahawks
2010,15,Chicago Bears,Minnesota Vikings
2010,16,Pittsburgh Steelers,Carolina Panthers
2010,16,Arizona Cardinals,Dallas Cowboys
2010,16,New England Patriots,Buffalo Bills
2010,16,Chicago Bears,New York Jets
2010,16,St. Louis Rams,San Francisco 49ers
2010,16,Denver Broncos,Houston Texans
2010,16,Washington Redskins,Jacksonville Jaguars
2010,16,Cincinnati Bengals,San Diego Chargers
2010,16,Indianapolis Colts,Oakland Raiders
2010,16,Tampa Bay Buccaneers,Seattle Seahawks
2010,16,Green Bay Packers,New York Giants
2010,16,Kansas City Chiefs,Tennessee Titans
2010,16,Detroit Lions,Miami Dolphins
2010,16,Baltimore Ravens,Cleveland Browns
2010,16,New Orleans Saints,Atlanta Falcons
2010,16,Minnesota Vikings,Philadelphia Eagles
2010,17,Green Bay Packers,Chicago Bears
2010,17,Atlanta Falcons,Carolina Panthers
2010,17,New York Jets,Buffalo Bills
2010,17,Seattle Seahawks,St. Louis Rams
2010,17,Houston Texans,Jacksonville Jaguars
2010,17,Detroit Lions,Minnesota Vikings
2010,17,Tampa Bay Buccaneers,New Orleans Saints
2010,17,San Diego Chargers,Denver Broncos
2010,17,Oakland Raiders,Kansas City Chiefs
2010,17,Dallas Cowboys,Philadelphia Eagles
2010,17,San Francisco 49ers,Arizona Cardinals
2010,17,New York Giants,Washington Redskins
2010,17,New England Patriots,Miami Dolphins
2010,17,Indianapolis Colts,Tennessee Titans
2010,17,Pittsburgh Steelers,Cleveland Browns
2010,17,Baltimore Ravens,Cincinnati Bengals
2011,1,Green Bay Packers,New Orleans Saints
2011,1,Cincinnati Bengals,Cleveland Browns
2011,1,Arizona Cardinals,Carolina Panthers
2011,1,Philadelphia Eagles,St. Louis Rams
2011,1,San Francisco 49ers,Seattle Seahawks
2011,1,Washington Redskins,New York Giants
2011,1,New York Jets,Dallas Cowboys
2011,1,San Diego Chargers,Minnesota Vikings
2011,1,Chicago Bears,Atlanta Falcons
2011,1,Houston Texans,Indianapolis Colts
2011,1,Baltimore Ravens,Pittsburgh Steelers
2011,1,Buffalo Bills,Kansas City Chiefs
2011,1,Detroit Lions,Tampa Bay Buccaneers
2011,1,Jacksonville Jaguars,Tennessee Titans
2011,1,New England Patriots,Miami Dolphins
2011,1,Oakland Raiders,Denver Broncos
2011,2,Buffalo Bills,Oakland Raiders
2011,2,Dallas Cowboys,San Francisco 49ers
2011,2,Atlanta Falcons,Philadelphia Eagles
2011,2,Pittsburgh Steelers,Seattle Seahawks
2011,2,Houston Texans,Miami Dolphins
2011,2,New England Patriots,San Diego Chargers
2011,2,Green Bay Packers,Carolina Panthers
2011,2,New Orleans Saints,Chicago Bears
2011,2,New York Jets,Jacksonville Jaguars
2011,2,Cleveland Browns,Indianapolis Colts
2011,2,Tampa Bay Buccaneers,Minnesota Vikings
2011,2,Detroit Lions,Kansas City Chiefs
2011,2,Washington Redskins,Arizona Cardinals
2011,2,Tennessee Titans,Baltimore Ravens
2011,2,Denver Broncos,Cincinnati Bengals
2011,2,New York Giants,St. Louis Rams
2011,3,Green Bay Packers,Chicago Bears
2011,3,Cleveland Browns,Miami Dolphins
2011,3,New Orleans Saints,Houston Texans
2011,3,San Francisco 49ers,Cincinnati Bengals
2011,3,Seattle Seahawks,Arizona Cardinals
2011,3,Pittsburgh Steelers,Indianapolis Colts
2011,3,San Diego Chargers,Kansas City Chiefs
2011,3,Baltimore Ravens,St. Louis Rams
2011,3,Tennessee Titans,Denver Broncos
2011,3,Tampa Bay Buccaneers,Atlanta Falcons
2011,3,Buffalo Bills,New England Patriots
2011,3,New York Giants,Philadelphia Eagles
2011,3,Oakland Raiders,New York Jets
2011,3,Detroit Lions,Minnesota Vikings
2011,3,Carolina Panthers,Jacksonville Jaguars
2011,3,Dallas Cowboys,Washington Redskins
2011,4,New England Patriots,Oakland Raiders
2011,4,Green Bay Packers,Denver Broncos
2011,4,Chicago Bears,Carolina Panthers
2011,4,San Francisco 49ers,Philadelphia Eagles
2011,4,Baltimore Ravens,New York Jets
2011,4,Tennessee Titans,Cleveland Browns
2011,4,Cincinnati Bengals,Buffalo Bills
2011,4,Washington Redskins,St. Louis Rams
2011,4,Kansas City Chiefs,Minnesota Vikings
2011,4,Detroit Lions,Dallas Cowboys
2011,4,Houston Texans,Pittsburgh Steelers
2011,4,New Orleans Saints,Jacksonville Jaguars
2011,4,Atlanta Falcons,Seattle Seahawks
2011,4,San Diego Chargers,Miami Dolphins
2011,4,New York Giants,Arizona Cardinals
2011,4,Tampa Bay Buccaneers,Indianapolis Colts
2011,5,Green Bay Packers,Atlanta Falcons
2011,5,New Orleans Saints,Carolina Panthers
2011,5,Minnesota Vikings,Arizona Cardinals
2011,5,Buffalo Bills,Philadelphia Eagles
2011,5,Pittsburgh Steelers,Tennessee Titans
2011,5,Cincinnati Bengals,Jacksonville Jaguars
2011,5,New England Patriots,New York Jets
2011,5,San Francisco 49ers,Tampa Bay Buccaneers
2011,5,San Diego Chargers,Denver Broncos
2011,5,Oakland Raiders,Houston Texans
2011,5,Seattle Seahawks,New York Giants
2011,5,Kansas City Chiefs,Indianapolis Colts
2011,5,Detroit Lions,Chicago Bears
2011,6,New England Patriots,Dallas Cowboys
2011,6,Oakland Raiders,Cleveland Browns
2011,6,Philadelphia Eagles,Washington Redskins
2011,6,Baltimore Ravens,Houston Texans
2011,6,Cincinnati Bengals,Indianapolis Colts
2011,6,Tampa Bay Buccaneers,New Orleans Saints
2011,6,Chicago Bears,Minnesota Vikings
2011,6,New York Giants,Buffalo Bills
2011,6,Green Bay Packers,St. Louis Rams
2011,6,Pittsburgh Steelers,Jacksonville Jaguars
2011,6,Atlanta Falcons,Carolina Panthers
2011,6,San Francisco 49ers,Detroit Lions
2011,6,New York Jets,Miami Dolphins
2011,7,Denver Broncos,Miami Dolphins
2011,7,Cleveland Browns,Seattle Seahawks
2011,7,Pittsburgh Steelers,Arizona Cardinals
2011,7,Kansas City Chiefs,Oakland Raiders
2011,7,Dallas Cowboys,St. Louis Rams
2011,7,New York Jets,San Diego Chargers
2011,7,Houston Texans,Tennessee Titans
2011,7,Chicago Bears,Tampa Bay Buccaneers
2011,7,New Orleans Saints,Indianapolis Colts
2011,7,Green Bay Packers,Minnesota Vikings
2011,7,Atlanta Falcons,Detroit Lions
2011,7,Carolina Panthers,Washington Redskins
2011,7,Jacksonville Jaguars,Baltimore Ravens
2011,8,San Francisco 49ers,Cleveland Browns
2011,8,New York Giants,Miami Dolphins
2011,8,Detroit Lions,Denver Broncos
2011,8,Pittsburgh Steelers,New England Patriots
2011,8,Philadelphia Eagles,Dallas Cowboys
2011,8,Baltimore Ravens,Arizona Cardinals
2011,8,Buffalo Bills,Washington Redskins
2011,8,Cincinnati Bengals,Seattle Seahawks
2011,8,Tennessee Titans,Indianapolis Colts
2011,8,St. Louis Rams,New Orleans Saints
2011,8,Minnesota Vikings,Carolina Panthers
2011,8,Houston Texans,Jacksonville Jaguars
2011,8,Kansas City Chiefs,San Diego Chargers
2011,9,Denver Broncos,Oakland Raiders
2011,9,San Francisco 49ers,Washington Redskins
2011,9,New York Jets,Buffalo Bills
2011,9,Houston Texans,Cleveland Browns
2011,9,Arizona Cardinals,St. Louis Rams
2011,9,New York Giants,New England Patriots
2011,9,Miami Dolphins,Kansas City Chiefs
2011,9,Dallas Cowboys,Seattle Seahawks
2011,9,Atlanta Falcons,Indianapolis Colts
2011,9,Green Bay Packers,San Diego Chargers
2011,9,Cincinnati Bengals,Tennessee Titans
2011,9,Baltimore Ravens,Pittsburgh Steelers
2011,9,New Orleans Saints,Tampa Bay Buccaneers
2011,9,Chicago Bears,Philadelphia Eagles
2011,10,Oakland Raiders,San Diego Chargers
2011,10,Miami Dolphins,Washington Redskins
2011,10,Denver Broncos,Kansas City Chiefs
2011,10,New England Patriots,New York Jets
2011,10,New Orleans Saints,Atlanta Falcons
2011,10,Dallas Cowboys,Buffalo Bills
2011,10,Arizona Cardinals,Philadelphia Eagles
2011,10,St. Louis Rams,Cleveland Browns
2011,10,San Francisco 49ers,New York Giants
2011,10,Chicago Bears,Detroit Lions
2011,10,Seattle Seahawks,Baltimore Ravens
2011,10,Tennessee Titans,Carolina Panthers
2011,10,Pittsburgh Steelers,Cincinnati Bengals
2011,10,Houston Texans,Tampa Bay Buccaneers
2011,10,Jacksonville Jaguars,Indianapolis Colts
2011,10,Green Bay Packers,Minnesota Vikings
2011,11,Denver Broncos,New York Jets
2011,11,Miami Dolphins,Buffalo Bills
2011,11,Oakland Raiders,Minnesota Vikings
2011,11,Seattle Seahawks,St. Louis Rams
2011,11,Dallas Cowboys,Washington Redskins
2011,11,San Francisco 49ers,Arizona Cardinals
2011,11,Detroit Lions,Carolina Panthers
2011,11,Chicago Bears,San Diego Chargers
2011,11,Atlanta Falcons,Tennessee Titans
2011,11,Baltimore Ravens,Cincinnati Bengals
2011,11,Green Bay Packers,Tampa Bay Buccaneers
2011,11,Philadelphia Eagles,New York Giants
2011,11,Cleveland Browns,Jacksonville Jaguars
2011,11,New England Patriots,Kansas City Chiefs
2011,12,Green Bay Packers,Detroit Lions
2011,12,Dallas Cowboys,Miami Dolphins
2011,12,Baltimore Ravens,San Francisco 49ers
2011,12,Tennessee Titans,Tampa Bay Buccaneers
2011,12,Denver Broncos,San Diego Chargers
2011,12,Houston Texans,Jacksonville Jaguars
2011,12,Atlanta Falcons,Minnesota Vikings
2011,12,Oakland Raiders,Chicago Bears
2011,12,Washington Redskins,Seattle Seahawks
2011,12,New England Patriots,Philadelphia Eagles
2011,12,Pittsburgh Steelers,Kansas City Chiefs
2011,12,Arizona Cardinals,St. Louis Rams
2011,12,New York Jets,Buffalo Bills
2011,12,Carolina Panthers,Indianapolis Colts
2011,12,Cincinnati Bengals,Cleveland Browns
2011,12,New Orleans Saints,New York Giants
2011,13,Seattle Seahawks,Philadelphia Eagles
2011,13,Houston Texans,Atlanta Falcons
2011,13,Tennessee Titans,Buffalo Bills
2011,13,Baltimore Ravens,Cleveland Browns
2011,13,San Francisco 49ers,St. Louis Rams
2011,13,New Orleans Saints,Detroit Lions
2011,13,Arizona Cardinals,Dallas Cowboys
2011,13,Pittsburgh Steelers,Cincinnati Bengals
2011,13,New York Jets,Washington Redskins
2011,13,Carolina Panthers,Tampa Bay Buccaneers
2011,13,Denver Broncos,Minnesota Vikings
2011,13,Miami Dolphins,Oakland Raiders
2011,13,Green Bay Packers,New York Giants
2011,13,New England Patriots,Indianapolis Colts
2011,13,Kansas City Chiefs,Chicago Bears
2011,13,San Diego Chargers,Jacksonville Jaguars
2011,14,Pittsburgh Steelers,Cleveland Browns
2011,14,New York Giants,Dallas Cowboys
2011,14,Denver Broncos,Chicago Bears
2011,14,Jacksonville Jaguars,Tampa Bay Buccaneers
2011,14,Arizona Cardinals,San Francisco 49ers
2011,14,Green Bay Packers,Oakland Raiders
2011,14,Houston Texans,Cincinnati Bengals
2011,14,Baltimore Ravens,Indianapolis Colts
2011,14,New Orleans Saints,Tennessee Titans
2011,14,Atlanta Falcons,Carolina Panthers
2011,14,Detroit Lions,Minnesota Vikings
2011,14,New York Jets,Kansas City Chiefs
2011,14,Philadelphia Eagles,Miami Dolphins
2011,14,New England Patriots,Washington Redskins
2011,14,San Diego Chargers,Buffalo Bills
2011,14,Seattle Seahawks,St. Louis Rams
2011,15,Atlanta Falcons,Jacksonville Jaguars
2011,15,Dallas Cowboys,Tampa Bay Buccaneers
2011,15,Cincinnati Bengals,St. Louis Rams
2011,15,San Diego Chargers,Baltimore Ravens
2011,15,Miami Dolphins,Buffalo Bills
2011,15,New Orleans Saints,Minnesota Vikings
2011,15,Carolina Panthers,Houston Texans
2011,15,Washington Redskins,New York Giants
2011,15,New England Patriots,Denver Broncos
2011,15,Arizona Cardinals,Cleveland Browns
2011,15,Indianapolis Colts,Tennessee Titans
2011,15,Philadelphia Eagles,New York Jets
2011,15,Seattle Seahawks,Chicago Bears
2011,15,Kansas City Chiefs,Green Bay Packers
2011,15,Detroit Lions,Oakland Raiders
2011,15,San Francisco 49ers,Pittsburgh Steelers
2011,16,Indianapolis Colts,Houston Texans
2011,16,Oakland Raiders,Kansas City Chiefs
2011,16,Tennessee Titans,Jacksonville Jaguars
2011,16,Cincinnati Bengals,Arizona Cardinals
2011,16,Pittsburgh Steelers,St. Louis Rams
2011,16,Buffalo Bills,Denver Broncos
2011,16,New England Patriots,Miami Dolphins
2011,16,Baltimore Ravens,Cleveland Browns
2011,16,San Francisco 49ers,Seattle Seahawks
2011,16,New York Giants,New York Jets
2011,16,Detroit Lions,San Diego Chargers
2011,16,Minnesota Vikings,Washington Redskins
2011,16,Carolina Panthers,Tampa Bay Buccaneers
2011,16,Philadelphia Eagles,Dallas Cowboys
2011,16,Green Bay Packers,Chicago Bears
2011,16,New Orleans Saints,Atlanta Falcons
2011,17,Baltimore Ravens,Cincinnati Bengals
2011,17,Atlanta Falcons,Tampa Bay Buccaneers
2011,17,Arizona Cardinals,Seattle Seahawks
2011,17,Pittsburgh Steelers,Cleveland Browns
2011,17,Green Bay Packers,Detroit Lions
2011,17,New York Giants,Dallas Cowboys
2011,17,New Orleans Saints,Carolina Panthers
2011,17,Philadelphia Eagles,Washington Redskins
2011,17,Miami Dolphins,New York Jets
2011,17,Chicago Bears,Minnesota Vikings
2011,17,San Francisco 49ers,St. Louis Rams
2011,17,New England Patriots,Buffalo Bills
2011,17,Kansas City Chiefs,Denver Broncos
2011,17,Tennessee Titans,Houston Texans
2011,17,San Diego Chargers,Oakland Raiders
2011,17,Jacksonville Jaguars,Indianapolis Colts
2012,1,Dallas Cowboys,New York Giants
2012,1,Philadelphia Eagles,Cleveland Browns
2012,1,New England Patriots,Tennessee Titans
2012,1,Denver Broncos,Pittsburgh Steelers
2012,1,San Francisco 49ers,Green Bay Packers
2012,1,Arizona Cardinals,Seattle Seahawks
2012,1,Washington Redskins,New Orleans Saints
2012,1,Chicago Bears,Indianapolis Colts
2012,1,Atlanta Falcons,Kansas City Chiefs
2012,1,Houston Texans,Miami Dolphins
2012,1,Detroit Lions,St. Louis Rams
2012,1,Tampa Bay Buccaneers,Carolina Panthers
2012,1,Minnesota Vikings,Jacksonville Jaguars
2012,1,New York Jets,Buffalo Bills
2012,1,Baltimore Ravens,Cincinnati Bengals
2012,1,San Diego Chargers,Oakland Raiders
2012,2,Green Bay Packers,Chicago Bears
2012,2,New York Giants,Tampa Bay Buccaneers
2012,2,Miami Dolphins,Oakland Raiders
2012,2,Carolina Panthers,New Orleans Saints
2012,2,Seattle Seahawks,Dallas Cowboys
2012,2,Buffalo Bills,Kansas City Chiefs
2012,2,Cincinnati Bengals,Cleveland Browns
2012,2,Arizona Cardinals,New England Patriots
2012,2,Houston Texans,Jacksonville Jaguars
2012,2,Philadelphia Eagles,Baltimore Ravens
2012,2,Indianapolis Colts,Minnesota Vikings
2012,2,Pittsburgh Steelers,New York Jets
2012,2,St. Louis Rams,Washington Redskins
2012,2,San Diego Chargers,Tennessee Titans
2012,2,San Francisco 49ers,Detroit Lions
2012,2,Atlanta Falcons,Denver Broncos
2012,3,New York Giants,Carolina Panthers
2012,3,Oakland Raiders,Pittsburgh Steelers
2012,3,Chicago Bears,St. Louis Rams
2012,3,Jacksonville Jaguars,Indianapolis Colts
2012,3,Tennessee Titans,Detroit Lions
2012,3,Minnesota Vikings,San Francisco 49ers
2012,3,Atlanta Falcons,San Diego Chargers
2012,3,Baltimore Ravens,New England Patriots
2012,3,New York Jets,Miami Dolphins
2012,3,Arizona Cardinals,Philadelphia Eagles
2012,3,Cincinnati Bengals,Washington Redskins
2012,3,Houston Texans,Denver Broncos
2012,3,Dallas Cowboys,Tampa Bay Buccaneers
2012,3,Kansas City Chiefs,New Orleans Saints
2012,3,Buffalo Bills,Cleveland Browns
2012,3,Seattle Seahawks,Green Bay Packers
2012,4,Baltimore Ravens,Cleveland Browns
2012,4,St. Louis Rams,Seattle Seahawks
2012,4,Cincinnati Bengals,Jacksonville Jaguars
2012,4,Minnesota Vikings,Detroit Lions
2012,4,Houston Texans,Tennessee Titans
2012,4,Washington Redskins,Tampa Bay Buccaneers
2012,4,San Diego Chargers,Kansas City Chiefs
2012,4,San Francisco 49ers,New York Jets
2012,4,Arizona Cardinals,Miami Dolphins
2012,4,Philadelphia Eagles,New York Giants
2012,4,Atlanta Falcons,Carolina Panthers
2012,4,Green Bay Packers,New Orleans Saints
2012,4,Denver Broncos,Oakland Raiders
2012,4,New England Patriots,Buffalo Bills
2012,4,Chicago Bears,Dallas Cowboys
2012,5,St. Louis Rams,Arizona Cardinals
2012,5,Indianapolis Colts,Green Bay Packers
2012,5,Pittsburgh Steelers,Philadelphia Eagles
2012,5,New Orleans Saints,San Diego Chargers
2012,5,New England Patriots,Denver Broncos
2012,5,San Francisco 49ers,Buffalo Bills
2012,5,Minnesota Vikings,Tennessee Titans
2012,5,Chicago Bears,Jacksonville Jaguars
2012,5,Atlanta Falcons,Washington Redskins
2012,5,Miami Dolphins,Cincinnati Bengals
2012,5,Baltimore Ravens,Kansas City Chiefs
2012,5,New York Giants,Cleveland Browns
2012,5,Seattle Seahawks,Carolina Panthers
2012,5,Houston Texans,New York Jets
2012,6,Tennessee Titans,Pittsburgh Steelers
2012,6,Baltimore Ravens,Dallas Cowboys
2012,6,New York Jets,Indianapolis Colts
2012,6,Detroit Lions,Philadelphia Eagles
2012,6,Green Bay Packers,Houston Texans
2012,6,New York Giants,San Francisco 49ers
2012,6,Tampa Bay Buccaneers,Kansas City Chiefs
2012,6,Seattle Seahawks,New England Patriots
2012,6,Buffalo Bills,Arizona Cardinals
2012,6,Atlanta Falcons,Oakland Raiders
2012,6,Miami Dolphins,St. Louis Rams
2012,6,Cleveland Browns,Cincinnati Bengals
2012,6,Washington Redskins,Minnesota Vikings
2012,6,Denver Broncos,San Diego Chargers
2012,7,San Francisco 49ers,Seattle Seahawks
2012,7,Dallas Cowboys,Carolina Panthers
2012,7,Oakland Raiders,Jacksonville Jaguars
2012,7,New Orleans Saints,Tampa Bay Buccaneers
2012,7,Houston Texans,Baltimore Ravens
2012,7,New England Patriots,New York Jets
2012,7,Pittsburgh Steelers,Cincinnati Bengals
2012,7,Green Bay Packers,St. Louis Rams
2012,7,Indianapolis Colts,Cleveland Browns
2012,7,Tennessee Titans,Buffalo Bills
2012,7,New York Giants,Washington Redskins
2012,7,Minnesota Vikings,Arizona Cardinals
2012,7,Chicago Bears,Detroit Lions
2012,8,Tampa Bay Buccaneers,Minnesota Vikings
2012,8,Miami Dolphins,New York Jets
2012,8,Detroit Lions,Seattle Seahawks
2012,8,New York Giants,Dallas Cowboys
2012,8,Denver Broncos,New Orleans Saints
2012,8,Indianapolis Colts,Tennessee Titans
2012,8,Chicago Bears,Carolina Panthers
2012,8,Pittsburgh Steelers,Washington Redskins
2012,8,Oakland Raiders,Kansas City Chiefs
2012,8,Atlanta Falcons,Philadelphia Eagles
2012,8,Green Bay Packers,Jacksonville Jaguars
2012,8,New England Patriots,St. Louis Rams
2012,8,Cleveland Browns,San Diego Chargers
2012,8,San Francisco 49ers,Arizona Cardinals
2012,9,San Diego Chargers,Kansas City Chiefs
2012,9,Denver Broncos,Cincinnati Bengals
2012,9,Carolina Panthers,Washington Redskins
2012,9,Indianapolis Colts,Miami Dolphins
2012,9,Houston Texans,Buffalo Bills
2012,9,Chicago Bears,Tennessee Titans
2012,9,Detroit Lions,Jacksonville Jaguars
2012,9,Atlanta Falcons,Dallas Cowboys
2012,9,Tampa Bay Buccaneers,Oakland Raiders
2012,9,Baltimore Ravens,Cleveland Browns
2012,9,Seattle Seahawks,Minnesota Vikings
2012,9,Green Bay Packers,Arizona Cardinals
2012,9,Pittsburgh Steelers,New York Giants
2012,9,New Orleans Saints,Philadelphia Eagles
2012,10,Indianapolis Colts,Jacksonville Jaguars
2012,10,Houston Texans,Chicago Bears
2012,10,Baltimore Ravens,Oakland Raiders
2012,10,New England Patriots,Buffalo Bills
2012,10,Cincinnati Bengals,New York Giants
2012,10,Dallas Cowboys,Philadelphia Eagles
2012,10,San Francisco 49ers,St. Louis Rams
2012,10,New Orleans Saints,Atlanta Falcons
2012,10,Seattle Seahawks,New York Jets
2012,10,Tampa Bay Buccaneers,San Diego Chargers
2012,10,Denver Broncos,Carolina Panthers
2012,10,Minnesota Vikings,Detroit Lions
2012,10,Tennessee Titans,Miami Dolphins
2012,10,Pittsburgh Steelers,Kansas City Chiefs
2012,11,Buffalo Bills,Miami Dolphins
2012,11,New York Jets,St. Louis Rams
2012,11,Tampa Bay Buccaneers,Carolina Panthers
2012,11,Dallas Cowboys,Cleveland Browns
2012,11,New Orleans Saints,Oakland Raiders
2012,11,New England Patriots,Indianapolis Colts
2012,11,Cincinnati Bengals,Kansas City Chiefs
2012,11,Baltimore Ravens,Pittsburgh Steelers
2012,11,Green Bay Packers,Detroit Lions
2012,11,Denver Broncos,San Diego Chargers
2012,11,Houston Texans,Jacksonville Jaguars
2012,11,Atlanta Falcons,Arizona Cardinals
2012,11,Washington Redskins,Philadelphia Eagles
2012,11,San Francisco 49ers,Chicago Bears
2012,12,Washington Redskins,Dallas Cowboys
2012,12,Houston Texans,Detroit Lions
2012,12,New England Patriots,New York Jets
2012,12,Indianapolis Colts,Buffalo Bills
2012,12,Denver Broncos,Kansas City Chiefs
2012,12,Cleveland Browns,Pittsburgh Steelers
2012,12,St. Louis Rams,Arizona Cardinals
2012,12,Baltimore Ravens,San Diego Chargers
2012,12,Atlanta Falcons,Tampa Bay Buccaneers
2012,12,Miami Dolphins,Seattle Seahawks
2012,12,Chicago Bears,Minnesota Vikings
2012,12,San Francisco 49ers,New Orleans Saints
2012,12,Cincinnati Bengals,Oakland Raiders
2012,12,New York Giants,Green Bay Packers
2012,12,Jacksonville Jaguars,Tennessee Titans
2012,12,Carolina Panthers,Philadelphia Eagles
2012,13,Atlanta Falcons,New Orleans Saints
2012,13,Pittsburgh Steelers,Baltimore Ravens
2012,13,New England Patriots,Miami Dolphins
2012,13,Dallas Cowboys,Philadelphia Eagles
2012,13,Denver Broncos,Tampa Bay Buccaneers
2012,13,Cleveland Browns,Oakland Raiders
2012,13,St. Louis Rams,San Francisco 49ers
2012,13,Cincinnati Bengals,San Diego Chargers
2012,13,Seattle Seahawks,Chicago Bears
2012,13,Houston Texans,Tennessee Titans
2012,13,Green Bay Packers,Minnesota Vikings
2012,13,New York Jets,Arizona Cardinals
2012,13,Indianapolis Colts,Detroit Lions
2012,13,Buffalo Bills,Jacksonville Jaguars
2012,13,Kansas City Chiefs,Carolina Panthers
2012,13,Washington Redskins,New York Giants
2012,14,Denver Broncos,Oakland Raiders
2012,14,Cleveland Browns,Kansas City Chiefs
2012,14,San Francisco 49ers,Miami Dolphins
2012,14,San Diego Chargers,Pittsburgh Steelers
2012,14,Green Bay Packers,Detroit Lions
2012,14,Philadelphia Eagles,Tampa Bay Buccaneers
2012,14,St. Louis Rams,Buffalo Bills
2012,14,Carolina Panthers,Atlanta Falcons
2012,14,Indianapolis Colts,Tennessee Titans
2012,14,New York Jets,Jacksonville Jaguars
2012,14,New York Giants,New Orleans Saints
2012,14,Seattle Seahawks,Arizona Cardinals
2012,14,Washington Redskins,Baltimore Ravens
2012,14,Dallas Cowboys,Cincinnati Bengals
2012,14,Minnesota Vikings,Chicago Bears
2012,14,New England Patriots,Houston Texans
2012,15,Cincinnati Bengals,Philadelphia Eagles
2012,15,Seattle Seahawks,Buffalo Bills
2012,15,Atlanta Falcons,New York Giants
2012,15,Miami Dolphins,Jacksonville Jaguars
2012,15,Arizona Cardinals,Detroit Lions
2012,15,New Orleans Saints,Tampa Bay Buccaneers
2012,15,Dallas Cowboys,Pittsburgh Steelers
2012,15,Minnesota Vikings,St. Louis Rams
2012,15,Denver Broncos,Baltimore Ravens
2012,15,Washington Redskins,Cleveland Browns
2012,15,Houston Texans,Indianapolis Colts
2012,15,San Francisco 49ers,New England Patriots
2012,15,Green Bay Packers,Chicago Bears
2012,15,Oakland Raiders,Kansas City Chiefs
2012,15,Carolina Panthers,San Diego Chargers
2012,15,Tennessee Titans,New York Jets
2012,16,Atlanta Falcons,Detroit Lions
2012,16,Chicago Bears,Arizona Cardinals
2012,16,Baltimore Ravens,New York Giants
2012,16,Green Bay Packers,Tennessee Titans
2012,16,Denver Broncos,Cleveland Browns
2012,16,Washington Redskins,Philadelphia Eagles
2012,16,New England Patriots,Jacksonville Jaguars
2012,16,Carolina Panthers,Oakland Raiders
2012,16,San Diego Chargers,New York Jets
2012,16,Seattle Seahawks,San Francisco 49ers
2012,16,New Orleans Saints,Dallas Cowboys
2012,16,Miami Dolphins,Buffalo Bills
2012,16,Minnesota Vikings,Houston Texans
2012,16,Cincinnati Bengals,Pittsburgh Steelers
2012,16,St. Louis Rams,Tampa Bay Buccaneers
2012,16,Indianapolis Colts,Kansas City Chiefs
2012,17,San Diego Chargers,Oakland Raiders
2012,17,Seattle Seahawks,St. Louis Rams
2012,17,Denver Broncos,Kansas City Chiefs
2012,17,New England Patriots,Miami Dolphins
2012,17,New York Giants,Philadelphia Eagles
2012,17,Indianapolis Colts,Houston Texans
2012,17,Tennessee Titans,Jacksonville Jaguars
2012,17,San Francisco 49ers,Arizona Cardinals
2012,17,Carolina Panthers,New Orleans Saints
2012,17,Minnesota Vikings,Green Bay Packers
2012,17,Washington Redskins,Dallas Cowboys
2012,17,Chicago Bears,Detroit Lions
2012,17,Pittsburgh Steelers,Cleveland Browns
2012,17,Buffalo Bills,New York Jets
2012,17,Cincinnati Bengals,Baltimore Ravens
2012,17,Tampa Bay Buccaneers,Atlanta Falcons
2013,1,Denver Broncos,Baltimore Ravens
2013,1,Seattle Seahawks,Carolina Panthers
2013,1,St. Louis Rams,Arizona Cardinals
2013,1,San Francisco 49ers,Green Bay Packers
2013,1,Detroit Lions,Minnesota Vikings
2013,1,New Orleans Saints,Atlanta Falcons
2013,1,Tennessee Titans,Pittsburgh Steelers
2013,1,Chicago Bears,Cincinnati Bengals
2013,1,Indianapolis Colts,Oakland Raiders
2013,1,Dallas Cowboys,New York Giants
2013,1,Kansas City Chiefs,Jacksonville Jaguars
2013,1,Miami Dolphins,Cleveland Browns
2013,1,New York Jets,Tampa Bay Buccaneers
2013,1,New England Patriots,Buffalo Bills
2013,1,Philadelphia Eagles,Washington Redskins
2013,1,Houston Texans,San Diego Chargers
2013,2,New England Patriots,New York Jets
2013,2,New Orleans Saints,Tampa Bay Buccaneers
2013,2,Chicago Bears,Minnesota Vikings
2013,2,Kansas City Chiefs,Dallas Cowboys
2013,2,Arizona Cardinals,Detroit Lions
2013,2,Baltimore Ravens,Cleveland Browns
2013,2,Atlanta Falcons,St. Louis Rams
2013,2,Houston Texans,Tennessee Titans
2013,2,Green Bay Packers,Washington Redskins
2013,2,Miami Dolphins,Indianapolis Colts
2013,2,Buffalo Bills,Carolina Panthers
2013,2,San Diego Chargers,Philadelphia Eagles
2013,2,Seattle Seahawks,San Francisco 49ers
2013,2,Oakland Raiders,Jacksonville Jaguars
2013,2,Denver Broncos,New York Giants
2013,2,Cincinnati Bengals,Pittsburgh Steelers
2013,3,Kansas City Chiefs,Philadelphia Eagles
2013,3,New England Patriots,Tampa Bay Buccaneers
2013,3,New Orleans Saints,Arizona Cardinals
2013,3,Detroit Lions,Washington Redskins
2013,3,Carolina Panthers,New York Giants
2013,3,Miami Dolphins,Atlanta Falcons
2013,3,Tennessee Titans,San Diego Chargers
2013,3,New York Jets,Buffalo Bills
2013,3,Cincinnati Bengals,Green Bay Packers
2013,3,Dallas Cowboys,St. Louis Rams
2013,3,Baltimore Ravens,Houston Texans
2013,3,Cleveland Browns,Minnesota Vikings
2013,3,Seattle Seahawks,Jacksonville Jaguars
2013,3,Chicago Bears,Pittsburgh Steelers
2013,3,Indianapolis Colts,San Francisco 49ers
2013,3,Denver Broncos,Oakland Raiders
2013,4,San Francisco 49ers,St. Louis Rams
2013,4,Buffalo Bills,Baltimore Ravens
2013,4,Cleveland Browns,Cincinnati Bengals
2013,4,Tennessee Titans,New York Jets
2013,4,San Diego Chargers,Dallas Cowboys
2013,4,Kansas City Chiefs,New York Giants
2013,4,Seattle Seahawks,Houston Texans
2013,4,Arizona Cardinals,Tampa Bay Buccaneers
2013,4,Minnesota Vikings,Pittsburgh Steelers
2013,4,Washington Redskins,Oakland Raiders
2013,4,New England Patriots,Atlanta Falcons
2013,4,Denver Broncos,Philadelphia Eagles
2013,4,Indianapolis Colts,Jacksonville Jaguars
2013,4,Detroit Lions,Chicago Bears
2013,4,New Orleans Saints,Miami Dolphins
2013,5,Cleveland Browns,Buffalo Bills
2013,5,Arizona Cardinals,Carolina Panthers
2013,5,Green Bay Packers,Detroit Lions
2013,5,Philadelphia Eagles,New York Giants
2013,5,Denver Broncos,Dallas Cowboys
2013,5,Cincinnati Bengals,New England Patriots
2013,5,New Orleans Saints,Chicago Bears
2013,5,Oakland Raiders,San Diego Chargers
2013,5,St. Louis Rams,Jacksonville Jaguars
2013,5,Indianapolis Colts,Seattle Seahawks
2013,5,Baltimore Ravens,Miami Dolphins
2013,5,Kansas City Chiefs,Tennessee Titans
2013,5,San Francisco 49ers,Houston Texans
2013,5,New York Jets,Atlanta Falcons
2013,6,Chicago Bears,New York Giants
2013,6,Carolina Panthers,Minnesota Vikings
2013,6,Green Bay Packers,Baltimore Ravens
2013,6,St. Louis Rams,Houston Texans
2013,6,Detroit Lions,Cleveland Browns
2013,6,Denver Broncos,Jacksonville Jaguars
2013,6,Kansas City Chiefs,Oakland Raiders
2013,6,Seattle Seahawks,Tennessee Titans
2013,6,Cincinnati Bengals,Buffalo Bills
2013,6,Dallas Cowboys,Washington Redskins
2013,6,Philadelphia Eagles,Tampa Bay Buccaneers
2013,6,Pittsburgh Steelers,New York Jets
2013,6,New England Patriots,New Orleans Saints
2013,6,San Francisco 49ers,Arizona Cardinals
2013,6,San Diego Chargers,Indianapolis Colts
2013,7,Seattle Seahawks,Arizona Cardinals
2013,7,Pittsburgh Steelers,Baltimore Ravens
2013,7,Atlanta Falcons,Tampa Bay Buccaneers
2013,7,Carolina Panthers,St. Louis Rams
2013,7,Green Bay Packers,Cleveland Browns
2013,7,Dallas Cowboys,Philadelphia Eagles
2013,7,Cincinnati Bengals,Detroit Lions
2013,7,San Diego Chargers,Jacksonville Jaguars
2013,7,Indianapolis Colts,Denver Broncos
2013,7,Washington Redskins,Chicago Bears
2013,7,Kansas City Chiefs,Houston Texans
2013,7,New York Jets,New England Patriots
2013,7,Buffalo Bills,Miami Dolphins
2013,7,San Francisco 49ers,Tennessee Titans
2013,7,New York Giants,Minnesota Vikings
2013,8,Carolina Panthers,Tampa Bay Buccaneers
2013,8,Green Bay Packers,Minnesota Vikings
2013,8,Arizona Cardinals,Atlanta Falcons
2013,8,New England Patriots,Miami Dolphins
2013,8,Oakland Raiders,Pittsburgh Steelers
2013,8,San Francisco 49ers,Jacksonville Jaguars
2013,8,Denver Broncos,Washington Redskins
2013,8,New Orleans Saints,Buffalo Bills
2013,8,New York Giants,Philadelphia Eagles
2013,8,Detroit Lions,Dallas Cowboys
2013,8,Cincinnati Bengals,New York Jets
2013,8,Kansas City Chiefs,Cleveland Browns
2013,8,Seattle Seahawks,St. Louis Rams
2013,9,Miami Dolphins,Cincinnati Bengals
2013,9,Indianapolis Colts,Houston Texans
2013,9,Carolina Panthers,Atlanta Falcons
2013,9,Tennessee Titans,St. Louis Rams
2013,9,New York Jets,New Orleans Saints
2013,9,Washington Redskins,San Diego Chargers
2013,9,Dallas Cowboys,Minnesota Vikings
2013,9,Cleveland Browns,Baltimore Ravens
2013,9,Philadelphia Eagles,Oakland Raiders
2013,9,Kansas City Chiefs,Buffalo Bills
2013,9,New England Patriots,Pittsburgh Steelers
2013,9,Seattle Seahawks,Tampa Bay Buccaneers
2013,9,Chicago Bears,Green Bay Packers
2013,10,Minnesota Vikings,Washington Redskins
2013,10,Carolina Panthers,San Francisco 49ers
2013,10,Jacksonville Jaguars,Tennessee Titans
2013,10,Arizona Cardinals,Houston Texans
2013,10,Denver Broncos,San Diego Chargers
2013,10,Philadelphia Eagles,Green Bay Packers
2013,10,Detroit Lions,Chicago Bears
2013,10,New York Giants,Oakland Raiders
2013,10,St. Louis Rams,Indianapolis Colts
2013,10,Seattle Seahawks,Atlanta Falcons
2013,10,New Orleans Saints,Dallas Cowboys
2013,10,Pittsburgh Steelers,Buffalo Bills
2013,10,Baltimore Ravens,Cincinnati Bengals
2013,10,Tampa Bay Buccaneers,Miami Dolphins
2013,11,Indianapolis Colts,Tennessee Titans
2013,11,New York Giants,Green Bay Packers
2013,11,Tampa Bay Buccaneers,Atlanta Falcons
2013,11,New Orleans Saints,San Francisco 49ers
2013,11,Pittsburgh Steelers,Detroit Lions
2013,11,Chicago Bears,Baltimore Ravens
2013,11,Oakland Raiders,Houston Texans
2013,11,Miami Dolphins,San Diego Chargers
2013,11,Denver Broncos,Kansas City Chiefs
2013,11,Arizona Cardinals,Jacksonville Jaguars
2013,11,Seattle Seahawks,Minnesota Vikings
2013,11,Cincinnati Bengals,Cleveland Browns
2013,11,Buffalo Bills,New York Jets
2013,11,Philadelphia Eagles,Washington Redskins
2013,11,Carolina Panthers,New England Patriots
2013,12,New Orleans Saints,Atlanta Falcons
2013,12,Carolina Panthers,Miami Dolphins
2013,12,St. Louis Rams,Chicago Bears
2013,12,Arizona Cardinals,Indianapolis Colts
2013,12,Minnesota Vikings,Green Bay Packers
2013,12,Jacksonville Jaguars,Houston Texans
2013,12,San Diego Chargers,Kansas City Chiefs
2013,12,Baltimore Ravens,New York Jets
2013,12,Pittsburgh Steelers,Cleveland Browns
2013,12,Tampa Bay Buccaneers,Detroit Lions
2013,12,Tennessee Titans,Oakland Raiders
2013,12,Dallas Cowboys,New York Giants
2013,12,New England Patriots,Denver Broncos
2013,12,San Francisco 49ers,Washington Redskins
2013,13,Baltimore Ravens,Pittsburgh Steelers
2013,13,Dallas Cowboys,Oakland Raiders
2013,13,Detroit Lions,Green Bay Packers
2013,13,Indianapolis Colts,Tennessee Titans
2013,13,Denver Broncos,Kansas City Chiefs
2013,13,Miami Dolphins,New York Jets
2013,13,New York Giants,Washington Redskins
2013,13,Jacksonville Jaguars,Cleveland Browns
2013,13,San Francisco 49ers,St. Louis Rams
2013,13,New England Patriots,Houston Texans
2013,13,Carolina Panthers,Tampa Bay Buccaneers
2013,13,Philadelphia Eagles,Arizona Cardinals
2013,13,Minnesota Vikings,Chicago Bears
2013,13,Cincinnati Bengals,San Diego Chargers
2013,13,Atlanta Falcons,Buffalo Bills
2013,13,Seattle Seahawks,New Orleans Saints
2013,14,Jacksonville Jaguars,Houston Texans
2013,14,Green Bay Packers,Atlanta Falcons
2013,14,Cincinnati Bengals,Indianapolis Colts
2013,14,Baltimore Ravens,Minnesota Vikings
2013,14,Tampa Bay Buccaneers,Buffalo Bills
2013,14,New Orleans Saints,Carolina Panthers
2013,14,Arizona Cardinals,St. Louis Rams
2013,14,Denver Broncos,Tennessee Titans
2013,14,New York Jets,Oakland Raiders
2013,14,Philadelphia Eagles,Detroit Lions
2013,14,Kansas City Chiefs,Washington Redskins
2013,14,New England Patriots,Cleveland Browns
2013,14,San Francisco 49ers,Seattle Seahawks
2013,14,San Diego Chargers,New York Giants
2013,14,Miami Dolphins,Pittsburgh Steelers
2013,14,Chicago Bears,Dallas Cowboys
2013,15,San Diego Chargers,Denver Broncos
2013,15,Pittsburgh Steelers,Cincinnati Bengals
2013,15,St. Louis Rams,New Orleans Saints
2013,15,Carolina Panthers,New York Jets
2013,15,Chicago Bears,Cleveland Browns
2013,15,Seattle Seahawks,New York Giants
2013,15,Green Bay Packers,Dallas Cowboys
2013,15,Buffalo Bills,Jacksonville Jaguars
2013,15,Minnesota Vikings,Philadelphia Eagles
2013,15,Arizona Cardinals,Tennessee Titans
2013,15,Kansas City Chiefs,Oakland Raiders
2013,15,Miami Dolphins,New England Patriots
2013,15,Atlanta Falcons,Washington Redskins
2013,15,San Francisco 49ers,Tampa Bay Buccaneers
2013,15,Indianapolis Colts,Houston Texans
2013,15,Baltimore Ravens,Detroit Lions
2013,16,Indianapolis Colts,Kansas City Chiefs
2013,16,Philadelphia Eagles,Chicago Bears
2013,16,Cincinnati Bengals,Minnesota Vikings
2013,16,Pittsburgh Steelers,Green Bay Packers
2013,16,New York Jets,Cleveland Browns
2013,16,Tennessee Titans,Jacksonville Jaguars
2013,16,Buffalo Bills,Miami Dolphins
2013,16,New England Patriots,Baltimore Ravens
2013,16,St. Louis Rams,Tampa Bay Buccaneers
2013,16,Dallas Cowboys,Washington Redskins
2013,16,Denver Broncos,Houston Texans
2013,16,San Diego Chargers,Oakland Raiders
2013,16,Arizona Cardinals,Seattle Seahawks
2013,16,Carolina Panthers,New Orleans Saints
2013,16,New York Giants,Detroit Lions
2013,16,San Francisco 49ers,Atlanta Falcons
2013,17,Seattle Seahawks,St. Louis Rams
2013,17,Tennessee Titans,Houston Texans
2013,17,Indianapolis Colts,Jacksonville Jaguars
2013,17,New York Jets,Miami Dolphins
2013,17,Minnesota Vikings,Detroit Lions
2013,17,New York Giants,Washington Redskins
2013,17,Green Bay Packers,Chicago Bears
2013,17,New Orleans Saints,Tampa Bay Buccaneers
2013,17,Carolina Panthers,Atlanta Falcons
2013,17,New England Patriots,Buffalo Bills
2013,17,Denver Broncos,Oakland Raiders
2013,17,Cincinnati Bengals,Baltimore Ravens
2013,17,Philadelphia Eagles,Dallas Cowboys
2013,17,San Diego Chargers,Kansas City Chiefs
2013,17,Pittsburgh Steelers,Cleveland Browns
2013,17,San Francisco 49ers,Arizona Cardinals
2013,16,Arizona Cardinals,Seattle Seahawks
2013,16,Carolina Panthers,New Orleans Saints
2013,16,New York Giants,Detroit Lions
2013,16,San Francisco 49ers,Atlanta Falcons
2013,17,Seattle Seahawks,St. Louis Rams
2013,17,Tennessee Titans,Houston Texans
2013,17,Indianapolis Colts,Jacksonville Jaguars
2013,17,New York Jets,Miami Dolphins
2013,17,Minnesota Vikings,Detroit Lions
2013,17,New York Giants,Washington Redskins
2013,17,Green Bay Packers,Chicago Bears
2013,17,New Orleans Saints,Tampa Bay Buccaneers
2013,17,Carolina Panthers,Atlanta Falcons
2013,17,New England Patriots,Buffalo Bills
2013,17,Denver Broncos,Oakland Raiders
2013,17,Cincinnati Bengals,Baltimore Ravens
2013,17,Philadelphia Eagles,Dallas Cowboys
2013,17,San Diego Chargers,Kansas City Chiefs
2013,17,Pittsburgh Steelers,Cleveland Browns
2013,17,San Francisco 49ers,Arizona Cardinals
